order_id,user_id,order_date,revenue
1,3,2025-10-04 12:00:00,2201.39
2,10,2025-08-09 16:00:00,3506.06
3,13,2025-04-14 04:00:00,4607.03
4,22,2025-07-19 03:00:00,509.59
5,27,2025-09-11 10:00:00,4115.49
6,33,2025-07-10 20:00:00,3676.58
7,52,2025-09-02 15:00:00,4306.73
8,69,2025-07-15 18:00:00,4728.08
9,76,2025-11-08 09:00:00,550.57
10,78,2025-08-08 16:00:00,4446.99
11,101,2025-05-25 06:00:00,1354.54
12,105,2025-06-15 00:00:00,2817.98
13,123,2025-08-03 11:00:00,1854.45
14,126,2025-04-16 15:00:00,1742.63
15,144,2025-04-08 21:00:00,2714.53
16,156,2025-09-08 02:00:00,4305.65
17,163,2025-05-21 18:00:00,2086.78
18,164,2025-10-17 09:00:00,3473.89
19,169,2025-10-18 11:00:00,3948.81
20,178,2025-04-27 11:00:00,4620.67
21,187,2025-11-05 06:00:00,2941.18
22,200,2025-10-28 07:00:00,380.21
23,207,2025-01-06 16:00:00,1167.62
24,212,2025-08-13 04:00:00,1655.47
25,215,2025-05-15 14:00:00,4462.2
26,218,2025-08-13 12:00:00,4519.66
27,228,2025-10-12 09:00:00,4801.6
28,236,2025-05-10 10:00:00,2757.47
29,237,2025-07-08 13:00:00,3631.68
30,255,2025-06-01 06:00:00,2322.98
31,257,2025-04-10 12:00:00,241.42
32,260,2025-05-30 08:00:00,3939.71
33,266,2025-09-17 21:00:00,4919.28
34,283,2025-04-26 09:00:00,3209.85
35,294,2025-11-07 14:00:00,1216.85
36,300,2025-10-21 14:00:00,3745.14
37,306,2025-02-07 18:00:00,1455.07
38,323,2025-11-20 15:00:00,3498.74
39,328,2025-07-16 14:00:00,2896.28
40,334,2025-02-20 05:00:00,3300.59
41,353,2025-01-21 20:00:00,2148.62
42,368,2025-10-03 20:00:00,2339.25
43,372,2025-07-01 00:00:00,4299.44
44,376,2025-02-02 17:00:00,273.83
45,391,2025-11-25 16:00:00,987.11
46,404,2025-12-14 08:00:00,2404.41
47,418,2025-07-17 13:00:00,4902.84
48,422,2025-02-20 00:00:00,710.16
49,433,2025-05-05 09:00:00,831.47
50,437,2025-03-02 13:00:00,510.73
51,447,2025-01-06 06:00:00,4605.34
52,467,2025-07-11 07:00:00,2817.06
53,485,2025-01-14 04:00:00,509.04
54,491,2025-08-13 23:00:00,2703.59
55,492,2025-09-09 21:00:00,677.47
56,493,2025-06-01 16:00:00,1657.0
57,495,2025-09-16 10:00:00,2402.53
58,497,2025-01-09 18:00:00,838.45
59,502,2025-09-20 00:00:00,2975.97
60,507,2025-06-19 01:00:00,4040.65
61,508,2025-02-03 16:00:00,2160.97
62,514,2025-06-25 13:00:00,3287.69
63,529,2025-04-05 05:00:00,2993.61
64,533,2025-07-18 07:00:00,2336.03
65,536,2025-03-21 01:00:00,620.86
66,546,2025-02-06 16:00:00,4702.76
67,570,2025-08-23 16:00:00,920.5
68,628,2025-03-17 00:00:00,2197.47
69,634,2025-04-05 19:00:00,387.41
70,645,2025-03-05 19:00:00,2506.63
71,646,2025-06-03 19:00:00,2871.88
72,647,2025-11-21 12:00:00,1719.5
73,657,2025-02-16 12:00:00,2290.65
74,670,2025-08-16 17:00:00,1950.09
75,679,2025-02-28 18:00:00,3971.01
76,683,2025-11-29 13:00:00,2336.08
77,686,2025-12-27 11:00:00,4420.02
78,688,2025-01-11 23:00:00,3722.33
79,694,2025-07-08 13:00:00,4817.28
80,696,2025-07-01 07:00:00,2190.33
81,700,2025-02-11 21:00:00,1871.76
82,715,2025-01-15 11:00:00,2915.88
83,722,2025-05-06 07:00:00,3019.86
84,723,2025-10-21 05:00:00,1338.25
85,729,2025-09-29 14:00:00,1604.64
86,730,2025-12-09 20:00:00,4340.68
87,747,2025-09-24 06:00:00,1312.51
88,749,2025-02-24 08:00:00,4572.94
89,750,2025-06-19 01:00:00,4813.05
90,752,2025-03-27 21:00:00,3520.33
91,759,2025-07-28 14:00:00,3956.19
92,763,2025-12-20 03:00:00,3936.75
93,774,2025-02-25 20:00:00,4287.15
94,780,2025-09-15 03:00:00,3166.56
95,781,2025-11-05 03:00:00,4803.08
96,785,2025-03-14 10:00:00,2412.71
97,788,2025-07-16 07:00:00,1815.67
98,794,2025-12-11 18:00:00,1879.46
99,797,2025-12-19 07:00:00,2503.97
100,799,2025-09-10 19:00:00,4730.81
101,805,2025-02-28 13:00:00,1633.58
102,817,2025-02-27 12:00:00,3861.01
103,824,2025-09-13 08:00:00,2102.57
104,826,2025-07-07 04:00:00,2616.75
105,827,2025-12-05 10:00:00,882.99
106,830,2025-12-30 04:00:00,4691.79
107,854,2025-02-22 12:00:00,4945.06
108,858,2025-10-29 20:00:00,1133.53
109,863,2025-05-07 09:00:00,259.96
110,869,2025-11-23 13:00:00,3179.23
111,877,2025-05-01 00:00:00,4450.94
112,881,2025-07-28 07:00:00,2691.42
113,882,2025-11-01 07:00:00,3859.41
114,888,2025-03-24 09:00:00,647.88
115,902,2025-10-29 16:00:00,3421.1
116,912,2025-03-28 09:00:00,749.82
117,921,2025-03-14 09:00:00,1642.49
118,925,2025-04-25 03:00:00,2984.93
119,929,2025-04-24 01:00:00,930.33
120,934,2025-04-15 09:00:00,4387.03
121,939,2025-08-23 02:00:00,4745.49
122,942,2025-08-23 12:00:00,1896.0
123,943,2025-10-18 18:00:00,2952.32
124,947,2025-03-12 18:00:00,2802.43
125,949,2025-01-08 07:00:00,1610.53
126,952,2025-11-22 18:00:00,3498.89
127,965,2025-01-08 08:00:00,1447.33
128,974,2025-03-09 05:00:00,4521.1
129,975,2025-07-19 19:00:00,3045.96
130,979,2025-06-27 13:00:00,2895.99
131,992,2025-01-10 09:00:00,3805.5
132,1001,2025-09-21 17:00:00,1373.38
133,1010,2025-05-15 08:00:00,3888.71
134,1022,2025-03-13 08:00:00,3705.97
135,1029,2025-01-05 16:00:00,1049.46
136,1036,2025-10-01 05:00:00,2992.83
137,1038,2025-08-24 23:00:00,283.53
138,1039,2025-09-29 03:00:00,2114.65
139,1045,2025-01-12 06:00:00,3428.19
140,1046,2025-12-09 03:00:00,4281.83
141,1062,2025-12-25 10:00:00,4755.27
142,1065,2025-05-30 09:00:00,4190.6
143,1075,2025-03-16 04:00:00,3711.81
144,1093,2025-05-05 00:00:00,4355.91
145,1095,2025-12-24 08:00:00,3243.18
146,1101,2026-01-02 09:00:00,1672.22
147,1103,2025-07-06 11:00:00,1469.4
148,1106,2025-05-24 00:00:00,676.19
149,1112,2025-06-29 17:00:00,1221.6
150,1113,2025-05-15 18:00:00,4946.86
151,1131,2025-11-01 19:00:00,1743.53
152,1139,2025-04-27 16:00:00,3505.09
153,1150,2025-04-05 09:00:00,2248.29
154,1152,2025-02-24 08:00:00,2117.3
155,1155,2025-10-28 18:00:00,4537.79
156,1156,2025-08-05 12:00:00,1156.22
157,1162,2025-04-28 00:00:00,1987.61
158,1191,2025-01-29 05:00:00,2671.59
159,1196,2025-06-30 17:00:00,2018.79
160,1200,2025-06-10 14:00:00,1583.52
161,1214,2025-11-26 19:00:00,1284.91
162,1225,2025-10-20 10:00:00,1714.72
163,1226,2025-05-29 20:00:00,4671.99
164,1227,2025-01-21 23:00:00,443.01
165,1251,2025-01-12 18:00:00,4475.44
166,1256,2025-09-18 07:00:00,1479.12
167,1259,2025-09-11 05:00:00,1367.87
168,1269,2025-04-04 00:00:00,1329.99
169,1271,2025-10-16 20:00:00,4438.99
170,1274,2025-06-21 02:00:00,4731.56
171,1275,2025-07-04 01:00:00,4421.8
172,1280,2025-09-22 23:00:00,1786.19
173,1284,2025-06-01 03:00:00,3861.05
174,1290,2025-01-06 15:00:00,904.46
175,1291,2025-11-04 14:00:00,4706.94
176,1296,2025-05-05 15:00:00,1954.13
177,1299,2025-10-27 13:00:00,523.29
178,1305,2025-12-10 09:00:00,1749.2
179,1315,2025-08-14 12:00:00,2687.52
180,1317,2025-04-27 07:00:00,4027.72
181,1321,2025-02-13 21:00:00,309.36
182,1327,2025-10-11 14:00:00,332.06
183,1333,2025-04-12 02:00:00,906.67
184,1334,2025-08-05 21:00:00,2012.64
185,1346,2025-06-15 13:00:00,4478.09
186,1349,2025-04-04 00:00:00,4487.5
187,1365,2025-05-08 19:00:00,237.56
188,1367,2025-03-11 05:00:00,4547.88
189,1369,2025-11-08 01:00:00,2738.85
190,1372,2025-11-05 05:00:00,650.73
191,1377,2025-06-02 18:00:00,2951.64
192,1397,2025-02-11 08:00:00,2958.4
193,1406,2025-03-19 02:00:00,4951.01
194,1409,2025-01-24 12:00:00,997.37
195,1415,2025-02-02 10:00:00,4147.49
196,1423,2025-12-25 16:00:00,2240.79
197,1427,2025-02-17 15:00:00,1457.27
198,1431,2025-02-26 19:00:00,3145.8
199,1434,2025-01-19 16:00:00,3158.37
200,1442,2025-08-10 08:00:00,271.46
201,1467,2025-11-14 16:00:00,440.78
202,1471,2025-04-14 23:00:00,4606.35
203,1480,2025-05-13 23:00:00,3876.18
204,1490,2025-06-17 08:00:00,2927.34
205,1499,2025-10-01 15:00:00,3818.89
206,1511,2025-09-30 03:00:00,613.81
207,1514,2025-10-01 15:00:00,3277.51
208,1519,2025-01-06 02:00:00,2215.75
209,1520,2025-05-28 19:00:00,2471.08
210,1535,2025-10-24 16:00:00,4123.31
211,1536,2025-11-16 01:00:00,4353.98
212,1542,2025-08-14 23:00:00,3633.62
213,1549,2025-06-03 04:00:00,1117.34
214,1559,2025-09-02 08:00:00,1890.65
215,1566,2025-08-08 23:00:00,4874.39
216,1570,2025-01-26 13:00:00,2521.1
217,1578,2025-01-05 18:00:00,3270.72
218,1581,2025-10-01 19:00:00,3728.06
219,1588,2025-09-26 05:00:00,1693.86
220,1591,2025-05-09 02:00:00,1705.28
221,1596,2025-12-05 08:00:00,2012.03
222,1615,2025-02-16 02:00:00,809.26
223,1617,2025-08-15 12:00:00,4005.87
224,1627,2025-12-19 17:00:00,3478.59
225,1631,2025-08-09 09:00:00,3525.57
226,1647,2025-12-25 07:00:00,2753.71
227,1655,2025-11-11 12:00:00,2523.71
228,1663,2025-03-24 07:00:00,3735.65
229,1677,2025-12-29 05:00:00,2630.2
230,1678,2025-08-14 17:00:00,2293.15
231,1691,2025-08-16 01:00:00,359.49
232,1692,2025-02-14 03:00:00,3410.49
233,1704,2025-05-06 03:00:00,1720.06
234,1713,2025-09-09 22:00:00,1715.26
235,1715,2025-01-13 07:00:00,4289.81
236,1733,2025-06-27 09:00:00,4733.51
237,1742,2025-11-04 00:00:00,1414.6
238,1753,2025-10-16 00:00:00,2827.61
239,1754,2025-10-09 11:00:00,4193.6
240,1759,2025-01-29 19:00:00,2259.47
241,1773,2025-01-29 10:00:00,2732.26
242,1774,2025-11-17 00:00:00,2895.61
243,1776,2025-01-22 05:00:00,1292.35
244,1796,2025-10-07 06:00:00,2090.61
245,1797,2025-11-23 11:00:00,380.67
246,1799,2025-04-08 08:00:00,3705.67
247,1804,2025-08-07 15:00:00,4612.96
248,1806,2025-04-15 14:00:00,975.25
249,1812,2025-03-19 21:00:00,4735.5
250,1813,2025-02-19 04:00:00,1180.09
251,1815,2025-03-29 05:00:00,3453.17
252,1818,2025-04-08 00:00:00,3165.13
253,1839,2025-04-24 04:00:00,1096.56
254,1850,2025-07-28 21:00:00,261.5
255,1851,2025-09-27 07:00:00,2669.0
256,1861,2025-03-30 07:00:00,1117.16
257,1864,2025-01-28 02:00:00,4313.99
258,1881,2025-12-25 07:00:00,4240.33
259,1883,2025-08-12 10:00:00,702.56
260,1885,2025-11-10 15:00:00,658.84
261,1891,2025-07-31 01:00:00,673.79
262,1899,2025-07-22 14:00:00,4860.4
263,1904,2025-12-26 23:00:00,386.6
264,1916,2025-06-05 20:00:00,3163.56
265,1917,2025-02-21 13:00:00,1951.42
266,1919,2025-04-10 00:00:00,4159.17
267,1921,2025-09-13 16:00:00,4616.39
268,1936,2025-01-22 18:00:00,2157.33
269,1942,2025-01-12 19:00:00,4354.0
270,1953,2025-11-16 10:00:00,1739.25
271,1961,2025-11-24 23:00:00,305.81
272,1967,2025-08-24 09:00:00,2866.61
273,1974,2025-07-19 10:00:00,1095.84
274,1975,2025-05-02 02:00:00,568.88
275,1985,2025-10-10 10:00:00,3072.66
276,1988,2025-01-02 03:00:00,2303.22
277,1991,2025-10-13 19:00:00,4245.0
278,2001,2025-06-09 20:00:00,440.55
279,2004,2025-09-14 20:00:00,1449.93
280,2013,2025-02-11 21:00:00,1078.49
281,2015,2025-09-03 21:00:00,977.68
282,2021,2025-01-15 14:00:00,4892.89
283,2029,2025-08-11 22:00:00,4939.06
284,2032,2025-07-10 07:00:00,1922.73
285,2038,2025-12-12 07:00:00,1403.06
286,2040,2025-05-07 04:00:00,3827.01
287,2044,2025-08-24 17:00:00,1167.39
288,2047,2025-05-17 10:00:00,2527.21
289,2053,2025-04-01 19:00:00,1478.73
290,2055,2025-10-19 19:00:00,2784.12
291,2061,2025-06-02 00:00:00,3999.45
292,2083,2025-03-20 09:00:00,2978.36
293,2084,2025-06-12 05:00:00,4899.29
294,2086,2025-04-04 21:00:00,1364.82
295,2089,2025-03-17 11:00:00,1233.61
296,2095,2025-04-17 07:00:00,4830.51
297,2104,2025-05-15 17:00:00,4063.23
298,2109,2025-05-29 22:00:00,3285.73
299,2115,2025-04-06 11:00:00,1478.5
300,2140,2025-10-01 05:00:00,2084.01
301,2146,2025-01-27 11:00:00,2709.0
302,2162,2025-12-08 05:00:00,1152.41
303,2171,2025-04-20 00:00:00,4082.46
304,2181,2025-12-20 07:00:00,1852.7
305,2205,2025-10-03 13:00:00,3580.92
306,2220,2025-01-23 06:00:00,3871.84
307,2225,2025-12-15 21:00:00,1858.98
308,2227,2025-06-20 09:00:00,987.64
309,2234,2025-06-14 23:00:00,3267.22
310,2244,2025-03-23 14:00:00,2491.74
311,2247,2025-11-18 12:00:00,3543.18
312,2252,2025-11-21 01:00:00,2831.68
313,2262,2025-08-11 22:00:00,4796.57
314,2267,2025-04-26 06:00:00,1016.75
315,2271,2025-12-23 04:00:00,3337.73
316,2292,2025-03-06 07:00:00,1149.35
317,2294,2025-12-10 05:00:00,573.63
318,2303,2025-12-24 13:00:00,686.25
319,2311,2025-10-21 13:00:00,3423.28
320,2312,2025-11-05 17:00:00,852.09
321,2319,2025-01-14 23:00:00,430.34
322,2321,2025-05-21 17:00:00,4200.13
323,2322,2025-01-05 19:00:00,4947.73
324,2335,2025-11-22 21:00:00,4759.84
325,2339,2025-04-02 08:00:00,3892.79
326,2349,2025-04-28 21:00:00,2918.03
327,2351,2025-03-14 03:00:00,1393.73
328,2355,2025-09-13 03:00:00,364.54
329,2375,2025-10-21 17:00:00,2584.96
330,2378,2025-06-14 04:00:00,1281.25
331,2381,2025-12-10 08:00:00,1730.1
332,2383,2025-01-22 07:00:00,3553.46
333,2392,2025-10-01 04:00:00,2185.44
334,2403,2025-12-04 21:00:00,3046.21
335,2422,2025-05-29 23:00:00,959.7
336,2437,2025-06-29 18:00:00,3388.97
337,2443,2025-11-29 10:00:00,3075.6
338,2446,2025-09-23 00:00:00,2360.9
339,2452,2025-04-15 06:00:00,332.62
340,2468,2025-01-15 02:00:00,2498.38
341,2477,2025-08-12 03:00:00,3188.11
342,2486,2025-08-08 17:00:00,4333.07
343,2490,2025-12-09 19:00:00,4635.97
344,2491,2025-06-27 06:00:00,1090.1
345,2499,2025-05-03 01:00:00,3680.06
346,2509,2025-08-27 07:00:00,3250.13
347,2518,2025-05-06 21:00:00,3445.8
348,2526,2025-08-31 08:00:00,297.96
349,2545,2025-12-05 16:00:00,452.02
350,2552,2025-05-16 00:00:00,4444.25
351,2554,2025-10-08 02:00:00,4619.31
352,2555,2025-08-27 12:00:00,2591.65
353,2558,2025-05-25 12:00:00,2919.64
354,2559,2025-08-05 03:00:00,2606.96
355,2565,2025-12-22 02:00:00,2220.42
356,2571,2025-08-15 01:00:00,289.66
357,2575,2025-09-18 12:00:00,2663.51
358,2578,2025-02-18 23:00:00,3589.45
359,2583,2025-06-24 13:00:00,1980.67
360,2587,2025-09-18 10:00:00,4062.17
361,2597,2025-12-23 08:00:00,223.89
362,2609,2025-05-05 15:00:00,3847.57
363,2617,2025-05-07 10:00:00,4911.96
364,2619,2025-08-15 16:00:00,1933.75
365,2625,2025-06-07 03:00:00,2653.88
366,2632,2025-06-04 10:00:00,4469.27
367,2637,2025-04-01 21:00:00,3778.71
368,2639,2025-08-26 16:00:00,4212.52
369,2653,2025-10-13 10:00:00,3090.05
370,2670,2025-05-20 12:00:00,228.42
371,2680,2025-08-17 03:00:00,4010.36
372,2690,2025-01-15 16:00:00,3937.48
373,2697,2025-08-04 16:00:00,3917.3
374,2708,2025-07-10 01:00:00,534.73
375,2712,2025-01-28 13:00:00,224.89
376,2719,2026-01-01 12:00:00,4803.3
377,2720,2025-07-29 05:00:00,1300.14
378,2728,2025-03-16 07:00:00,897.95
379,2730,2025-08-11 18:00:00,1876.34
380,2731,2025-01-17 16:00:00,3760.58
381,2736,2025-07-06 21:00:00,4157.74
382,2749,2025-06-04 19:00:00,4142.81
383,2795,2025-12-20 21:00:00,2479.22
384,2801,2025-02-25 11:00:00,984.1
385,2818,2025-10-23 18:00:00,4777.64
386,2832,2025-03-27 23:00:00,2784.69
387,2843,2025-05-04 07:00:00,2229.46
388,2846,2025-04-20 22:00:00,4627.66
389,2853,2025-08-18 22:00:00,668.58
390,2904,2025-04-14 13:00:00,470.42
391,2909,2025-12-12 06:00:00,4821.69
392,2913,2025-04-30 04:00:00,3902.55
393,2921,2025-04-04 05:00:00,1024.98
394,2932,2025-02-02 01:00:00,1684.82
395,2939,2025-08-28 12:00:00,2296.49
396,2946,2025-06-24 13:00:00,1916.77
397,2947,2025-03-01 18:00:00,1657.5
398,2953,2025-02-17 22:00:00,3835.23
399,2955,2025-02-14 15:00:00,1377.3
400,2959,2025-10-14 06:00:00,2350.36
401,2964,2025-09-26 02:00:00,3417.45
402,2965,2025-09-30 17:00:00,2446.63
403,2973,2025-02-24 13:00:00,2163.06
404,2976,2025-08-02 03:00:00,1974.63
405,2977,2025-02-13 11:00:00,4199.58
406,2980,2025-09-28 05:00:00,3774.45
407,2986,2026-01-01 15:00:00,284.56
408,2987,2025-02-12 13:00:00,3354.39
409,2989,2025-05-14 08:00:00,2074.01
410,2996,2025-09-07 23:00:00,4208.93
411,3005,2025-04-23 15:00:00,1158.28
412,3009,2025-06-19 04:00:00,2660.73
413,3025,2025-08-18 04:00:00,4318.4
414,3033,2025-08-07 10:00:00,908.8
415,3035,2025-08-21 15:00:00,3622.88
416,3038,2025-10-20 13:00:00,4254.77
417,3048,2025-11-07 20:00:00,4356.97
418,3049,2025-12-05 03:00:00,412.25
419,3050,2025-11-14 18:00:00,1253.87
420,3058,2025-05-27 05:00:00,1328.94
421,3078,2025-01-09 21:00:00,3845.37
422,3089,2025-02-14 03:00:00,3445.0
423,3105,2025-04-17 03:00:00,262.32
424,3108,2025-02-05 01:00:00,2566.44
425,3112,2025-03-29 21:00:00,2413.83
426,3118,2025-08-08 10:00:00,385.23
427,3122,2025-10-04 03:00:00,4793.01
428,3125,2025-06-24 21:00:00,4019.17
429,3137,2025-10-16 13:00:00,2433.35
430,3139,2025-11-20 00:00:00,3250.14
431,3148,2025-08-14 18:00:00,1952.88
432,3150,2025-07-21 16:00:00,607.96
433,3151,2025-03-14 00:00:00,1520.15
434,3156,2025-04-25 10:00:00,3427.07
435,3166,2025-02-11 06:00:00,3013.28
436,3168,2025-03-06 16:00:00,2322.94
437,3179,2025-02-10 08:00:00,3807.03
438,3182,2025-01-13 16:00:00,3539.37
439,3193,2025-11-06 06:00:00,3045.37
440,3214,2025-09-19 18:00:00,3886.7
441,3217,2025-09-23 14:00:00,2507.14
442,3234,2025-09-02 11:00:00,2594.7
443,3240,2025-02-24 06:00:00,2467.99
444,3275,2025-02-19 17:00:00,2871.75
445,3278,2025-04-21 16:00:00,1470.77
446,3285,2025-10-31 03:00:00,2583.81
447,3290,2025-06-08 19:00:00,3666.57
448,3291,2025-12-20 20:00:00,1174.4
449,3293,2025-12-14 00:00:00,3691.29
450,3302,2025-06-18 07:00:00,4318.58
451,3305,2025-06-03 11:00:00,3137.92
452,3306,2025-08-31 10:00:00,759.46
453,3308,2025-04-26 00:00:00,1430.74
454,3335,2025-10-29 21:00:00,3369.63
455,3343,2025-12-25 22:00:00,4586.69
456,3348,2025-08-14 00:00:00,3024.97
457,3353,2025-04-20 23:00:00,364.37
458,3356,2025-03-17 23:00:00,2174.34
459,3360,2026-01-02 16:00:00,2703.68
460,3364,2025-06-10 08:00:00,2414.56
461,3373,2025-06-17 04:00:00,3683.35
462,3378,2025-10-22 10:00:00,1009.68
463,3394,2025-11-29 06:00:00,2698.34
464,3406,2025-02-20 09:00:00,2742.76
465,3458,2025-04-08 01:00:00,968.54
466,3481,2025-06-17 05:00:00,4977.11
467,3493,2025-06-04 12:00:00,491.09
468,3510,2025-07-07 22:00:00,2773.48
469,3514,2025-03-18 05:00:00,2991.78
470,3517,2025-07-14 08:00:00,3099.63
471,3526,2025-09-20 15:00:00,507.38
472,3535,2025-08-16 16:00:00,2550.57
473,3538,2025-05-28 11:00:00,3901.59
474,3540,2025-10-23 17:00:00,4952.46
475,3542,2025-11-27 18:00:00,2866.88
476,3549,2025-12-20 04:00:00,2816.8
477,3550,2025-08-03 17:00:00,1724.53
478,3552,2025-11-23 20:00:00,206.7
479,3556,2025-05-13 11:00:00,2954.71
480,3563,2025-07-05 13:00:00,3257.28
481,3564,2025-10-17 15:00:00,4068.75
482,3569,2025-01-21 20:00:00,1829.4
483,3579,2025-01-30 10:00:00,3501.94
484,3588,2025-07-24 11:00:00,4225.46
485,3593,2025-07-21 03:00:00,2639.07
486,3595,2025-04-21 05:00:00,1140.31
487,3599,2025-09-23 16:00:00,4272.13
488,3600,2025-12-26 12:00:00,3605.87
489,3604,2025-09-18 20:00:00,4677.27
490,3608,2025-02-20 00:00:00,3025.61
491,3613,2025-01-17 12:00:00,3279.39
492,3614,2025-03-13 14:00:00,2305.89
493,3622,2025-01-21 19:00:00,1122.97
494,3626,2025-10-29 04:00:00,1479.08
495,3647,2025-12-05 23:00:00,2905.34
496,3656,2025-06-15 01:00:00,3068.12
497,3666,2025-03-07 11:00:00,2364.13
498,3674,2025-05-14 23:00:00,3627.24
499,3679,2025-03-24 15:00:00,3223.03
500,3681,2025-12-17 05:00:00,1583.71
501,3687,2025-08-05 16:00:00,461.32
502,3689,2025-04-03 07:00:00,4599.79
503,3699,2025-04-18 09:00:00,3354.85
504,3707,2025-03-28 17:00:00,2052.76
505,3708,2025-06-27 09:00:00,4208.93
506,3711,2025-03-02 07:00:00,2432.05
507,3716,2025-08-11 01:00:00,4380.96
508,3721,2025-08-27 02:00:00,2785.6
509,3725,2026-01-02 18:00:00,3780.76
510,3733,2025-08-02 01:00:00,1760.7
511,3734,2025-05-22 22:00:00,339.4
512,3735,2025-10-25 06:00:00,2800.08
513,3739,2025-12-31 08:00:00,2916.42
514,3745,2025-09-16 20:00:00,2556.49
515,3755,2025-05-25 02:00:00,4557.89
516,3763,2025-08-28 21:00:00,3140.42
517,3778,2025-01-23 02:00:00,581.84
518,3779,2025-09-13 06:00:00,2900.25
519,3796,2025-04-14 20:00:00,1330.63
520,3810,2025-06-24 06:00:00,2299.57
521,3812,2025-07-08 20:00:00,3111.17
522,3814,2025-08-21 00:00:00,3375.72
523,3824,2025-10-15 17:00:00,4272.06
524,3833,2025-08-14 07:00:00,2645.45
525,3845,2025-05-22 00:00:00,1205.15
526,3847,2025-04-26 18:00:00,1377.39
527,3878,2025-10-12 18:00:00,743.8
528,3887,2025-11-02 04:00:00,623.84
529,3889,2025-10-02 14:00:00,2204.67
530,3891,2025-12-29 11:00:00,361.33
531,3898,2025-04-19 15:00:00,2662.44
532,3900,2025-07-14 04:00:00,2106.65
533,3902,2025-02-23 10:00:00,3599.57
534,3903,2025-06-10 18:00:00,2575.14
535,3907,2025-09-03 13:00:00,645.68
536,3908,2025-01-10 01:00:00,1765.94
537,3914,2025-06-16 07:00:00,2839.02
538,3932,2025-01-09 13:00:00,4065.53
539,3934,2025-01-12 02:00:00,1596.53
540,3935,2025-08-31 12:00:00,664.91
541,3941,2025-12-02 09:00:00,1667.78
542,3956,2025-04-06 05:00:00,3526.1
543,3957,2025-12-01 20:00:00,3093.35
544,3973,2025-04-20 06:00:00,3591.18
545,3974,2025-10-30 04:00:00,2925.5
546,3975,2025-09-08 07:00:00,4376.57
547,3979,2025-05-26 13:00:00,3907.76
548,3981,2025-01-11 20:00:00,4377.19
549,3983,2025-04-08 23:00:00,2919.41
550,3988,2025-03-29 08:00:00,1241.16
551,3989,2025-04-02 10:00:00,1627.48
552,3992,2025-04-08 09:00:00,4972.96
553,4011,2025-06-07 21:00:00,2674.68
554,4024,2025-06-11 04:00:00,1202.38
555,4031,2025-04-07 06:00:00,1661.41
556,4032,2025-06-17 23:00:00,1186.97
557,4045,2025-04-06 19:00:00,4819.7
558,4052,2026-01-06 00:00:00,2554.44
559,4060,2025-07-19 15:00:00,2496.77
560,4081,2025-05-20 03:00:00,2420.53
561,4083,2025-10-12 19:00:00,3796.88
562,4094,2025-02-20 21:00:00,969.22
563,4096,2025-10-05 22:00:00,746.99
564,4102,2025-06-20 05:00:00,1026.95
565,4109,2025-09-13 09:00:00,2113.37
566,4114,2025-12-24 18:00:00,3141.69
567,4118,2025-06-21 02:00:00,4148.94
568,4133,2025-07-02 15:00:00,1275.18
569,4136,2025-12-02 22:00:00,3495.67
570,4141,2025-11-13 11:00:00,2345.41
571,4143,2025-02-07 07:00:00,4207.75
572,4144,2025-07-15 15:00:00,771.48
573,4153,2025-01-22 15:00:00,4295.89
574,4159,2025-10-02 17:00:00,266.17
575,4164,2025-06-16 19:00:00,1228.65
576,4165,2025-09-13 03:00:00,3391.09
577,4191,2025-07-25 01:00:00,2223.62
578,4201,2025-03-15 00:00:00,4305.46
579,4203,2025-12-11 00:00:00,3564.9
580,4207,2025-12-08 17:00:00,1089.57
581,4208,2025-03-09 04:00:00,1433.38
582,4212,2025-04-28 00:00:00,215.98
583,4217,2025-10-04 02:00:00,692.07
584,4221,2025-05-10 23:00:00,4133.0
585,4227,2025-10-03 04:00:00,482.39
586,4231,2025-08-10 22:00:00,3612.65
587,4244,2025-03-23 21:00:00,2634.45
588,4251,2025-01-25 03:00:00,2727.43
589,4254,2025-01-11 03:00:00,4252.82
590,4258,2025-03-30 10:00:00,3615.22
591,4272,2025-02-28 13:00:00,2233.01
592,4274,2025-03-18 07:00:00,4623.5
593,4283,2025-02-18 04:00:00,3362.48
594,4287,2025-03-31 02:00:00,2776.27
595,4300,2025-07-29 10:00:00,4651.34
596,4306,2025-07-29 10:00:00,3830.58
597,4308,2025-11-26 10:00:00,1238.63
598,4313,2025-06-18 21:00:00,1531.2
599,4316,2025-06-27 12:00:00,2598.88
600,4327,2025-03-20 10:00:00,239.26
601,4329,2025-01-28 11:00:00,4857.6
602,4332,2025-08-10 09:00:00,3132.58
603,4340,2025-11-26 12:00:00,4706.11
604,4357,2025-03-29 23:00:00,4010.62
605,4358,2025-06-05 13:00:00,1441.42
606,4360,2025-11-10 22:00:00,1382.16
607,4362,2025-11-19 05:00:00,2808.32
608,4364,2025-02-21 00:00:00,828.04
609,4378,2025-05-24 12:00:00,580.34
610,4379,2025-03-21 20:00:00,4451.53
611,4390,2025-03-03 14:00:00,4499.11
612,4391,2025-06-29 20:00:00,3198.37
613,4394,2025-05-08 17:00:00,2645.33
614,4400,2025-12-22 20:00:00,592.84
615,4408,2025-09-08 03:00:00,2323.62
616,4409,2025-05-31 16:00:00,2164.28
617,4412,2025-03-11 11:00:00,210.58
618,4421,2025-11-17 22:00:00,4882.89
619,4425,2025-12-10 17:00:00,3887.55
620,4428,2025-05-21 19:00:00,1512.22
621,4446,2025-12-12 11:00:00,4430.34
622,4464,2025-04-30 12:00:00,3565.49
623,4465,2025-09-13 14:00:00,1428.83
624,4471,2025-12-27 02:00:00,2355.64
625,4477,2025-07-30 20:00:00,4625.24
626,4479,2025-08-09 07:00:00,1145.2
627,4480,2025-09-19 20:00:00,3103.63
628,4485,2025-03-30 23:00:00,2377.83
629,4488,2025-05-15 19:00:00,2418.25
630,4494,2025-02-09 20:00:00,2654.89
631,4511,2025-11-12 23:00:00,4851.64
632,4516,2025-03-03 17:00:00,2794.22
633,4519,2025-12-12 14:00:00,1985.58
634,4521,2025-09-01 02:00:00,4316.51
635,4525,2025-03-03 13:00:00,3303.34
636,4527,2025-02-07 07:00:00,4165.42
637,4529,2025-07-02 00:00:00,1738.32
638,4546,2025-03-22 04:00:00,4265.17
639,4549,2025-10-15 18:00:00,302.33
640,4550,2025-09-01 18:00:00,3694.02
641,4555,2025-02-23 19:00:00,2353.54
642,4577,2025-01-31 01:00:00,993.5
643,4579,2025-07-30 05:00:00,4527.73
644,4590,2025-05-20 14:00:00,4662.31
645,4592,2025-10-23 11:00:00,2175.53
646,4595,2025-11-30 07:00:00,383.47
647,4597,2025-12-27 09:00:00,490.55
648,4600,2025-04-11 18:00:00,2027.09
649,4602,2025-07-26 01:00:00,3307.32
650,4606,2025-11-15 15:00:00,721.5
651,4618,2025-11-15 00:00:00,2867.07
652,4623,2025-09-01 20:00:00,3766.08
653,4624,2025-03-06 16:00:00,2696.37
654,4627,2025-01-31 09:00:00,4781.25
655,4654,2025-07-07 00:00:00,4905.64
656,4657,2025-08-27 20:00:00,1983.45
657,4663,2025-01-28 08:00:00,1465.34
658,4670,2025-12-08 11:00:00,3574.68
659,4673,2025-11-10 13:00:00,937.66
660,4675,2025-06-30 04:00:00,3719.63
661,4677,2025-11-20 11:00:00,2409.11
662,4678,2025-12-06 01:00:00,3592.42
663,4682,2025-08-10 19:00:00,2379.89
664,4683,2025-05-10 05:00:00,835.45
665,4694,2025-03-10 04:00:00,1740.51
666,4697,2025-11-30 08:00:00,2557.61
667,4699,2025-04-24 23:00:00,3806.29
668,4717,2025-11-20 13:00:00,3523.87
669,4749,2025-09-01 10:00:00,2050.95
670,4756,2025-12-03 06:00:00,784.32
671,4759,2025-01-06 14:00:00,821.74
672,4763,2025-05-26 23:00:00,2220.38
673,4791,2025-06-17 11:00:00,621.79
674,4792,2025-03-12 06:00:00,1350.45
675,4796,2025-06-14 20:00:00,3579.12
676,4801,2025-11-05 03:00:00,671.0
677,4808,2025-09-16 04:00:00,2153.1
678,4815,2025-07-08 03:00:00,3946.48
679,4830,2025-05-27 06:00:00,373.0
680,4833,2025-10-20 23:00:00,2910.83
681,4836,2025-10-24 04:00:00,475.82
682,4841,2025-07-07 23:00:00,1359.9
683,4846,2025-01-05 08:00:00,2059.06
684,4848,2025-07-17 16:00:00,2987.65
685,4850,2025-05-12 03:00:00,4082.6
686,4881,2025-01-18 22:00:00,1005.39
687,4883,2025-10-18 01:00:00,4189.84
688,4897,2025-11-23 03:00:00,2516.79
689,4907,2025-04-06 16:00:00,2803.55
690,4912,2025-08-02 09:00:00,3480.21
691,4914,2025-10-29 20:00:00,4772.74
692,4917,2025-08-17 05:00:00,734.22
693,4923,2025-04-09 17:00:00,3471.45
694,4927,2025-08-24 00:00:00,3188.72
695,4933,2025-10-30 19:00:00,4086.73
696,4935,2025-05-30 04:00:00,2711.55
697,4944,2025-11-18 19:00:00,537.21
698,4949,2025-06-10 15:00:00,4019.39
699,4950,2025-07-05 02:00:00,1299.64
700,4954,2025-03-18 23:00:00,1446.21
701,4958,2025-08-24 18:00:00,1567.46
702,4960,2025-08-16 20:00:00,794.07
703,4969,2025-11-07 03:00:00,1965.85
704,4987,2025-02-28 03:00:00,4994.64
705,4998,2025-04-27 22:00:00,4907.32
706,5001,2025-12-23 20:00:00,4282.78
707,5007,2025-02-20 07:00:00,548.58
708,5013,2025-03-30 15:00:00,3148.18
709,5018,2025-12-16 07:00:00,4819.96
710,5028,2025-05-12 18:00:00,4906.13
711,5032,2025-11-19 05:00:00,4168.13
712,5036,2025-09-13 03:00:00,1433.41
713,5037,2025-08-13 14:00:00,1509.67
714,5050,2025-11-23 13:00:00,1965.13
715,5055,2025-02-17 06:00:00,3748.22
716,5059,2025-03-25 16:00:00,425.23
717,5065,2025-08-05 03:00:00,1755.76
718,5072,2025-07-17 00:00:00,4116.49
719,5083,2025-10-02 05:00:00,4894.14
720,5086,2025-05-18 02:00:00,2279.61
721,5091,2025-06-14 04:00:00,3772.51
722,5092,2025-07-10 15:00:00,2541.44
723,5098,2025-05-15 09:00:00,869.63
724,5099,2025-09-01 07:00:00,2807.88
725,5103,2025-04-12 09:00:00,2801.14
726,5106,2025-03-20 18:00:00,3391.72
727,5135,2025-10-05 02:00:00,3697.78
728,5136,2025-07-31 03:00:00,2639.96
729,5150,2025-09-29 04:00:00,3061.02
730,5154,2025-10-03 08:00:00,4277.0
731,5178,2025-12-31 18:00:00,1310.66
732,5193,2025-09-30 05:00:00,3695.83
733,5207,2025-06-23 10:00:00,4721.13
734,5212,2025-12-13 22:00:00,4679.68
735,5220,2025-08-16 23:00:00,2215.86
736,5234,2025-07-07 19:00:00,3680.16
737,5237,2025-05-01 10:00:00,932.94
738,5246,2025-03-07 05:00:00,2891.19
739,5247,2025-10-01 06:00:00,1443.94
740,5258,2025-12-24 16:00:00,1296.81
741,5269,2025-07-08 01:00:00,893.16
742,5270,2025-03-22 22:00:00,4740.81
743,5281,2025-12-31 09:00:00,3469.08
744,5292,2025-04-21 12:00:00,840.31
745,5294,2025-02-16 03:00:00,3686.59
746,5297,2025-06-16 00:00:00,3203.84
747,5300,2025-05-22 09:00:00,4921.92
748,5308,2025-03-10 15:00:00,469.66
749,5314,2025-10-25 14:00:00,2479.11
750,5321,2025-03-15 10:00:00,4125.03
751,5322,2025-04-29 03:00:00,1011.98
752,5325,2026-01-04 12:00:00,3966.52
753,5328,2025-01-23 12:00:00,1365.27
754,5334,2025-07-17 05:00:00,910.02
755,5341,2025-07-29 05:00:00,1638.57
756,5364,2025-12-02 09:00:00,2268.04
757,5372,2025-07-05 15:00:00,4070.23
758,5378,2025-03-24 21:00:00,3822.17
759,5380,2025-02-14 17:00:00,1235.22
760,5398,2025-04-06 17:00:00,3845.56
761,5402,2025-12-05 15:00:00,1649.62
762,5407,2025-09-01 11:00:00,3127.89
763,5408,2025-03-18 03:00:00,351.33
764,5412,2025-09-30 23:00:00,477.73
765,5419,2025-03-03 20:00:00,3100.3
766,5439,2025-04-12 10:00:00,688.66
767,5442,2025-02-17 04:00:00,4497.28
768,5445,2025-05-26 22:00:00,4265.42
769,5448,2025-02-22 08:00:00,2133.78
770,5479,2025-03-16 16:00:00,3678.55
771,5483,2025-11-15 21:00:00,4250.17
772,5491,2025-06-28 02:00:00,3896.83
773,5498,2025-04-09 16:00:00,4633.69
774,5503,2025-09-30 10:00:00,2579.25
775,5547,2025-08-27 00:00:00,2378.06
776,5550,2025-03-19 09:00:00,2364.98
777,5553,2025-04-09 09:00:00,2749.68
778,5567,2025-07-29 12:00:00,3201.1
779,5575,2025-10-06 08:00:00,4740.97
780,5579,2025-07-13 07:00:00,2984.12
781,5588,2025-07-12 08:00:00,2013.19
782,5593,2025-10-13 19:00:00,2116.79
783,5604,2025-03-07 12:00:00,2454.64
784,5606,2025-10-21 15:00:00,4225.63
785,5622,2025-05-12 00:00:00,4350.49
786,5624,2025-10-16 23:00:00,1044.79
787,5627,2025-10-03 06:00:00,1069.52
788,5646,2025-10-03 15:00:00,1629.9
789,5666,2025-01-10 02:00:00,2849.56
790,5674,2025-10-22 14:00:00,1289.27
791,5679,2025-04-12 16:00:00,3274.35
792,5681,2025-03-14 21:00:00,2199.66
793,5689,2025-07-05 01:00:00,4196.13
794,5698,2025-12-20 21:00:00,2354.38
795,5699,2025-05-25 23:00:00,2703.26
796,5705,2025-05-13 06:00:00,362.39
797,5715,2025-02-20 04:00:00,2315.54
798,5748,2026-01-02 16:00:00,2566.78
799,5750,2025-11-01 10:00:00,321.98
800,5751,2025-09-05 22:00:00,508.06
801,5760,2025-12-05 15:00:00,1636.5
802,5778,2025-11-21 12:00:00,2095.66
803,5787,2025-01-14 07:00:00,2901.17
804,5801,2025-11-16 22:00:00,4232.84
805,5818,2025-06-03 23:00:00,459.95
806,5819,2026-01-08 01:00:00,243.17
807,5826,2025-08-02 07:00:00,762.9
808,5828,2025-12-06 23:00:00,3157.94
809,5833,2025-02-22 14:00:00,3694.28
810,5836,2025-02-19 07:00:00,4494.9
811,5848,2025-12-04 01:00:00,2976.22
812,5855,2025-03-27 08:00:00,3981.17
813,5862,2025-05-18 07:00:00,4747.36
814,5864,2025-10-20 02:00:00,3357.35
815,5869,2025-08-11 13:00:00,2713.03
816,5878,2025-03-01 04:00:00,2494.09
817,5885,2025-02-16 10:00:00,1158.52
818,5886,2025-07-17 05:00:00,574.75
819,5887,2025-03-03 03:00:00,833.83
820,5891,2025-07-15 07:00:00,3486.37
821,5909,2025-09-22 01:00:00,2369.54
822,5922,2025-02-17 13:00:00,1290.55
823,5934,2025-08-01 12:00:00,366.22
824,5936,2025-02-16 19:00:00,4731.47
825,5944,2025-04-10 15:00:00,2908.04
826,5948,2025-03-10 02:00:00,2722.72
827,5951,2025-12-01 18:00:00,3530.02
828,5953,2025-09-24 22:00:00,3702.73
829,5961,2025-02-25 06:00:00,4450.96
830,5981,2025-10-14 02:00:00,4298.87
831,6005,2025-02-21 14:00:00,1550.01
832,6018,2025-11-28 08:00:00,2987.73
833,6032,2025-03-16 10:00:00,3501.95
834,6039,2025-09-03 21:00:00,4735.38
835,6040,2025-05-10 12:00:00,1913.26
836,6041,2025-11-02 13:00:00,3508.26
837,6048,2025-12-22 02:00:00,4892.32
838,6063,2025-03-11 20:00:00,4576.47
839,6064,2025-04-21 22:00:00,2552.71
840,6093,2025-05-02 14:00:00,713.44
841,6101,2025-08-26 17:00:00,4002.8
842,6106,2025-07-02 05:00:00,2396.53
843,6113,2025-08-25 19:00:00,4021.21
844,6123,2025-01-28 15:00:00,3764.09
845,6139,2025-06-02 08:00:00,1442.87
846,6156,2025-10-26 01:00:00,3403.57
847,6157,2025-03-20 03:00:00,4219.72
848,6158,2025-12-20 13:00:00,1629.4
849,6176,2025-12-07 19:00:00,4047.07
850,6181,2025-08-20 09:00:00,4991.39
851,6197,2025-05-21 20:00:00,552.34
852,6212,2025-06-14 06:00:00,1883.46
853,6217,2025-03-14 07:00:00,2613.07
854,6226,2025-01-26 21:00:00,2963.57
855,6231,2025-03-13 06:00:00,3669.66
856,6236,2025-04-26 21:00:00,221.24
857,6252,2025-06-04 03:00:00,4719.4
858,6254,2025-12-09 08:00:00,2777.29
859,6263,2025-05-13 02:00:00,2428.48
860,6266,2025-04-12 19:00:00,3719.14
861,6267,2025-04-10 21:00:00,1006.75
862,6271,2025-10-28 16:00:00,4963.73
863,6275,2025-11-12 10:00:00,1841.37
864,6276,2025-06-04 11:00:00,1808.23
865,6283,2025-08-09 16:00:00,3360.4
866,6284,2025-03-31 02:00:00,3401.11
867,6289,2025-05-18 17:00:00,4672.1
868,6291,2025-04-30 03:00:00,2979.63
869,6293,2025-12-14 18:00:00,4743.79
870,6299,2025-12-14 15:00:00,1495.3
871,6310,2025-02-21 02:00:00,4572.2
872,6311,2025-12-08 11:00:00,3843.71
873,6315,2025-05-23 10:00:00,882.85
874,6331,2025-04-29 10:00:00,202.1
875,6340,2025-02-14 11:00:00,1465.62
876,6346,2025-12-24 23:00:00,1543.49
877,6353,2025-09-03 00:00:00,2607.07
878,6355,2025-07-16 15:00:00,4839.26
879,6359,2025-12-13 05:00:00,1755.69
880,6373,2025-12-13 13:00:00,2510.87
881,6378,2025-03-17 11:00:00,4271.67
882,6393,2025-07-12 17:00:00,3150.7
883,6415,2025-04-21 12:00:00,645.46
884,6416,2025-11-28 03:00:00,4832.71
885,6418,2025-04-11 08:00:00,3461.98
886,6419,2025-04-17 22:00:00,1212.16
887,6425,2025-05-02 04:00:00,1423.89
888,6432,2025-02-07 02:00:00,1365.19
889,6447,2025-06-08 20:00:00,2479.93
890,6461,2025-05-03 05:00:00,2473.87
891,6467,2025-07-11 17:00:00,2542.27
892,6471,2025-12-11 06:00:00,1412.3
893,6475,2025-11-15 10:00:00,4201.6
894,6476,2025-11-21 17:00:00,2833.16
895,6502,2025-07-14 16:00:00,4479.75
896,6503,2025-06-25 01:00:00,4971.36
897,6506,2025-01-15 14:00:00,1795.69
898,6508,2025-02-10 14:00:00,2595.29
899,6510,2025-08-05 17:00:00,626.84
900,6526,2025-07-03 04:00:00,1906.32
901,6535,2025-10-05 14:00:00,1263.24
902,6536,2025-04-29 05:00:00,3094.64
903,6540,2025-11-29 16:00:00,798.37
904,6550,2025-04-19 09:00:00,1354.86
905,6571,2025-06-30 01:00:00,1846.59
906,6579,2025-01-27 11:00:00,262.37
907,6583,2025-02-20 10:00:00,687.88
908,6590,2025-02-20 19:00:00,866.41
909,6591,2025-10-21 17:00:00,1532.4
910,6592,2025-09-07 20:00:00,361.84
911,6599,2025-12-22 07:00:00,2297.7
912,6607,2025-03-24 04:00:00,1213.14
913,6609,2025-12-08 07:00:00,2935.68
914,6610,2025-12-22 12:00:00,2583.54
915,6612,2025-03-24 07:00:00,3509.15
916,6615,2025-02-14 06:00:00,2246.37
917,6627,2025-09-07 01:00:00,1463.19
918,6640,2025-12-20 07:00:00,423.57
919,6648,2025-06-17 14:00:00,4432.29
920,6651,2025-07-07 05:00:00,669.99
921,6653,2025-09-26 23:00:00,2357.06
922,6656,2025-12-11 09:00:00,2310.59
923,6658,2025-08-03 19:00:00,4441.01
924,6672,2025-03-27 13:00:00,2423.49
925,6679,2025-04-21 13:00:00,1614.3
926,6683,2025-03-12 14:00:00,380.67
927,6686,2025-03-31 12:00:00,1944.0
928,6687,2026-01-01 12:00:00,2628.23
929,6693,2025-04-30 17:00:00,807.0
930,6694,2025-08-20 16:00:00,2872.52
931,6697,2025-07-16 15:00:00,623.2
932,6700,2025-07-07 10:00:00,3785.1
933,6702,2025-09-16 01:00:00,823.28
934,6710,2025-04-24 15:00:00,419.45
935,6747,2025-02-07 11:00:00,4750.34
936,6757,2025-03-03 04:00:00,3501.86
937,6759,2025-10-23 22:00:00,2228.45
938,6767,2025-10-05 23:00:00,312.16
939,6768,2025-01-25 00:00:00,3683.41
940,6774,2025-03-13 06:00:00,848.4
941,6778,2025-06-28 02:00:00,2128.05
942,6781,2025-01-25 21:00:00,4911.68
943,6794,2025-01-09 09:00:00,3441.31
944,6808,2025-08-03 08:00:00,302.04
945,6811,2025-10-11 00:00:00,1810.23
946,6813,2025-12-08 15:00:00,3455.72
947,6814,2025-02-20 13:00:00,2616.5
948,6820,2025-03-01 23:00:00,1977.58
949,6827,2025-03-04 05:00:00,241.95
950,6835,2025-06-05 01:00:00,1552.15
951,6861,2025-03-14 18:00:00,2878.19
952,6869,2025-03-17 10:00:00,2250.83
953,6873,2025-11-09 07:00:00,3104.57
954,6877,2025-02-13 17:00:00,1790.48
955,6888,2025-10-22 21:00:00,4662.8
956,6903,2025-02-17 01:00:00,1974.95
957,6910,2025-11-13 23:00:00,1591.78
958,6914,2025-05-19 18:00:00,1809.91
959,6917,2025-10-07 17:00:00,239.72
960,6919,2025-11-04 11:00:00,1556.12
961,6940,2025-05-18 22:00:00,3766.2
962,6946,2025-07-26 23:00:00,4553.42
963,6950,2025-09-06 07:00:00,2530.37
964,6957,2025-06-27 10:00:00,2367.21
965,6963,2025-10-07 12:00:00,4622.86
966,6969,2025-05-18 00:00:00,2080.42
967,6977,2025-12-24 21:00:00,4504.74
968,6982,2025-12-31 01:00:00,348.27
969,6985,2025-11-19 14:00:00,465.66
970,6996,2025-05-31 08:00:00,2272.36
971,7000,2025-12-05 21:00:00,1343.24
972,7002,2025-06-10 09:00:00,1820.08
973,7009,2025-10-29 21:00:00,2680.21
974,7011,2025-03-12 01:00:00,3914.47
975,7019,2025-08-13 04:00:00,517.52
976,7022,2025-03-24 08:00:00,4372.83
977,7030,2025-08-28 10:00:00,1125.12
978,7034,2025-10-08 07:00:00,2396.19
979,7036,2025-09-18 00:00:00,3134.67
980,7037,2025-11-02 02:00:00,2950.62
981,7049,2025-10-04 11:00:00,3648.01
982,7053,2025-09-02 13:00:00,951.86
983,7059,2025-01-18 15:00:00,2093.16
984,7062,2025-09-06 15:00:00,4916.69
985,7069,2025-03-30 10:00:00,1159.26
986,7072,2025-04-23 15:00:00,4483.14
987,7080,2025-03-16 20:00:00,1775.04
988,7081,2025-01-28 05:00:00,2554.31
989,7087,2025-01-20 07:00:00,1838.31
990,7109,2025-08-17 17:00:00,1184.28
991,7115,2025-04-21 01:00:00,1006.33
992,7116,2025-03-29 15:00:00,3201.39
993,7133,2025-12-02 01:00:00,4343.88
994,7144,2025-01-10 09:00:00,4093.73
995,7151,2025-12-14 17:00:00,2073.79
996,7157,2025-08-06 23:00:00,3810.28
997,7158,2025-12-13 14:00:00,4190.24
998,7166,2025-02-15 16:00:00,2960.2
999,7168,2025-05-28 22:00:00,3930.2
1000,7171,2025-10-28 12:00:00,327.99
1001,7175,2025-07-22 04:00:00,4491.92
1002,7194,2025-08-26 05:00:00,3981.83
1003,7204,2025-10-18 23:00:00,1801.21
1004,7207,2025-10-24 03:00:00,3262.91
1005,7218,2025-09-16 04:00:00,2068.63
1006,7231,2025-06-14 14:00:00,460.63
1007,7234,2025-04-05 01:00:00,1256.4
1008,7253,2025-01-12 13:00:00,1600.82
1009,7262,2025-09-13 22:00:00,1729.95
1010,7273,2025-08-01 06:00:00,834.11
1011,7290,2025-09-11 04:00:00,4180.26
1012,7320,2025-11-09 16:00:00,2599.84
1013,7326,2025-12-24 13:00:00,836.85
1014,7335,2025-04-15 07:00:00,486.76
1015,7337,2025-08-18 12:00:00,2433.35
1016,7339,2025-04-14 02:00:00,4286.69
1017,7348,2025-02-08 16:00:00,4298.33
1018,7352,2025-07-24 21:00:00,1824.83
1019,7358,2025-05-30 19:00:00,3142.02
1020,7365,2025-01-13 05:00:00,367.85
1021,7373,2025-04-14 19:00:00,1272.9
1022,7387,2025-06-27 22:00:00,2335.15
1023,7388,2025-12-08 09:00:00,1721.76
1024,7390,2025-04-29 14:00:00,4660.14
1025,7406,2025-02-25 10:00:00,2013.39
1026,7409,2025-05-15 12:00:00,2199.23
1027,7411,2025-11-24 11:00:00,1228.92
1028,7416,2025-09-12 09:00:00,3175.91
1029,7417,2025-08-30 19:00:00,1305.43
1030,7423,2025-08-06 06:00:00,1811.11
1031,7434,2025-11-04 15:00:00,1994.77
1032,7436,2025-11-11 14:00:00,3708.82
1033,7446,2025-06-01 06:00:00,3622.61
1034,7454,2025-07-29 05:00:00,2493.76
1035,7457,2025-11-06 15:00:00,1393.77
1036,7458,2025-01-27 10:00:00,3492.63
1037,7459,2026-01-05 10:00:00,4448.82
1038,7461,2025-01-11 09:00:00,1352.85
1039,7466,2025-07-15 11:00:00,3971.39
1040,7472,2025-08-26 09:00:00,3138.4
1041,7473,2025-01-14 19:00:00,3756.0
1042,7476,2025-06-29 10:00:00,2886.21
1043,7481,2025-03-28 23:00:00,3729.85
1044,7486,2025-06-02 18:00:00,4020.41
1045,7491,2025-11-08 22:00:00,3845.58
1046,7502,2025-08-16 13:00:00,4910.04
1047,7504,2025-10-24 09:00:00,1989.66
1048,7505,2025-04-24 20:00:00,4043.43
1049,7512,2025-01-29 06:00:00,3644.21
1050,7515,2025-03-25 22:00:00,4146.45
1051,7535,2025-02-15 11:00:00,1281.66
1052,7540,2025-03-02 13:00:00,1067.35
1053,7544,2025-07-09 14:00:00,1271.83
1054,7547,2025-07-28 00:00:00,4995.63
1055,7551,2025-08-07 10:00:00,4686.99
1056,7553,2025-07-12 03:00:00,4709.13
1057,7554,2025-02-14 09:00:00,3673.67
1058,7556,2025-11-12 05:00:00,1785.64
1059,7561,2025-09-22 01:00:00,3427.77
1060,7565,2025-01-24 20:00:00,1611.91
1061,7586,2025-08-03 10:00:00,539.16
1062,7589,2025-01-23 17:00:00,1563.11
1063,7590,2025-10-17 22:00:00,2978.59
1064,7593,2025-04-14 17:00:00,4466.75
1065,7607,2025-03-21 14:00:00,2805.81
1066,7609,2025-11-23 10:00:00,1807.42
1067,7611,2025-04-25 19:00:00,1070.5
1068,7649,2025-06-16 08:00:00,3015.72
1069,7652,2025-04-06 17:00:00,3286.13
1070,7661,2025-04-26 01:00:00,1609.93
1071,7672,2025-11-29 21:00:00,2304.27
1072,7679,2025-02-17 07:00:00,319.46
1073,7689,2025-08-07 07:00:00,1591.2
1074,7715,2025-01-07 21:00:00,1041.2
1075,7723,2025-10-23 19:00:00,4319.96
1076,7727,2025-11-21 20:00:00,420.5
1077,7765,2025-12-04 12:00:00,3863.4
1078,7805,2025-12-21 00:00:00,2234.82
1079,7809,2025-02-28 11:00:00,455.69
1080,7812,2025-04-25 16:00:00,1441.6
1081,7821,2025-03-28 09:00:00,1525.71
1082,7830,2025-11-14 15:00:00,3049.38
1083,7836,2025-12-19 00:00:00,3583.69
1084,7859,2025-06-06 22:00:00,2886.43
1085,7863,2025-03-10 09:00:00,1553.17
1086,7870,2025-01-07 22:00:00,3490.82
1087,7889,2025-04-15 11:00:00,3972.77
1088,7890,2025-10-21 09:00:00,2762.98
1089,7895,2025-03-29 22:00:00,3820.18
1090,7896,2025-07-16 15:00:00,3327.21
1091,7913,2025-07-02 22:00:00,2000.76
1092,7925,2025-05-06 12:00:00,1386.14
1093,7947,2025-04-11 01:00:00,1506.12
1094,7953,2025-12-14 06:00:00,1597.9
1095,7962,2025-09-30 02:00:00,3082.05
1096,7973,2025-11-26 21:00:00,3513.5
1097,7980,2025-01-17 07:00:00,3993.5
1098,7986,2025-04-04 21:00:00,3895.01
1099,7996,2025-06-17 14:00:00,258.22
1100,8004,2025-05-13 19:00:00,4238.73
1101,8009,2025-05-09 05:00:00,1572.07
1102,8023,2025-10-25 13:00:00,3354.87
1103,8026,2025-08-04 05:00:00,4244.79
1104,8028,2025-08-03 19:00:00,837.87
1105,8029,2025-09-14 07:00:00,426.99
1106,8033,2025-04-19 08:00:00,4203.18
1107,8040,2025-12-01 14:00:00,3010.49
1108,8049,2025-10-04 10:00:00,2296.14
1109,8064,2025-11-17 17:00:00,1332.6
1110,8074,2025-03-22 11:00:00,1503.39
1111,8075,2025-01-04 23:00:00,3929.84
1112,8083,2025-01-04 07:00:00,869.17
1113,8094,2025-03-29 09:00:00,4490.78
1114,8100,2025-08-05 22:00:00,2274.77
1115,8102,2025-04-25 11:00:00,1047.53
1116,8106,2025-06-17 01:00:00,2924.86
1117,8107,2025-03-10 19:00:00,949.24
1118,8115,2025-04-12 23:00:00,2176.86
1119,8136,2025-03-03 17:00:00,3199.01
1120,8141,2025-09-05 19:00:00,695.28
1121,8146,2025-03-25 22:00:00,3233.48
1122,8147,2025-05-31 01:00:00,2095.08
1123,8149,2025-02-04 07:00:00,4543.31
1124,8180,2025-06-28 10:00:00,4437.36
1125,8183,2025-03-19 16:00:00,4600.13
1126,8196,2025-11-15 18:00:00,1443.82
1127,8204,2025-04-15 15:00:00,3275.82
1128,8208,2025-05-20 04:00:00,613.08
1129,8211,2025-10-18 22:00:00,2888.04
1130,8213,2025-03-14 14:00:00,3593.31
1131,8215,2025-04-28 10:00:00,2162.96
1132,8224,2025-03-15 12:00:00,1328.84
1133,8241,2025-12-02 22:00:00,1084.02
1134,8244,2025-03-05 04:00:00,1344.37
1135,8246,2025-10-31 12:00:00,1169.09
1136,8247,2025-11-27 19:00:00,4997.24
1137,8249,2025-11-14 12:00:00,2108.93
1138,8261,2025-02-27 17:00:00,386.47
1139,8266,2025-11-08 13:00:00,1794.43
1140,8284,2025-09-27 01:00:00,2378.3
1141,8289,2025-10-11 07:00:00,1182.47
1142,8293,2025-12-03 17:00:00,2538.23
1143,8294,2025-08-02 13:00:00,988.74
1144,8298,2025-02-12 05:00:00,1032.79
1145,8300,2025-01-31 13:00:00,1260.77
1146,8303,2025-06-27 12:00:00,1174.53
1147,8318,2025-04-19 13:00:00,575.77
1148,8321,2025-10-12 06:00:00,4995.43
1149,8328,2025-12-21 11:00:00,1343.52
1150,8330,2025-01-23 13:00:00,3778.56
1151,8349,2025-12-04 12:00:00,595.91
1152,8352,2025-07-11 13:00:00,2515.33
1153,8359,2025-04-16 02:00:00,914.36
1154,8369,2025-09-11 17:00:00,739.48
1155,8377,2025-02-11 22:00:00,1857.97
1156,8378,2025-10-18 09:00:00,3729.3
1157,8388,2025-11-27 19:00:00,890.19
1158,8393,2025-04-07 07:00:00,1408.77
1159,8398,2025-01-31 08:00:00,2170.87
1160,8399,2025-08-06 08:00:00,4083.75
1161,8405,2025-06-29 13:00:00,2411.23
1162,8416,2025-12-23 23:00:00,4875.07
1163,8424,2025-09-07 01:00:00,2570.39
1164,8428,2025-11-25 16:00:00,3379.05
1165,8435,2025-12-07 04:00:00,3476.54
1166,8448,2026-01-05 05:00:00,1234.84
1167,8451,2025-12-29 02:00:00,277.78
1168,8456,2025-09-02 05:00:00,3319.04
1169,8461,2025-11-01 11:00:00,1488.45
1170,8463,2025-08-09 19:00:00,630.01
1171,8468,2025-03-16 05:00:00,335.85
1172,8469,2025-04-16 21:00:00,4829.13
1173,8476,2025-04-27 20:00:00,3892.01
1174,8478,2025-02-02 01:00:00,3745.76
1175,8482,2025-04-17 02:00:00,814.47
1176,8483,2025-02-02 22:00:00,3902.8
1177,8508,2025-02-18 08:00:00,286.35
1178,8511,2025-12-04 23:00:00,499.41
1179,8512,2025-04-09 15:00:00,482.93
1180,8541,2025-07-13 07:00:00,1383.35
1181,8544,2025-11-20 22:00:00,338.95
1182,8546,2025-08-07 09:00:00,4157.3
1183,8559,2025-08-21 22:00:00,2982.9
1184,8572,2025-10-11 12:00:00,1388.61
1185,8576,2025-12-29 14:00:00,1819.78
1186,8582,2025-01-24 07:00:00,4622.72
1187,8588,2025-11-23 00:00:00,3758.46
1188,8589,2025-05-03 16:00:00,964.32
1189,8592,2025-04-02 19:00:00,2830.63
1190,8597,2025-12-09 04:00:00,232.18
1191,8602,2025-08-17 10:00:00,2794.09
1192,8603,2025-03-26 16:00:00,665.69
1193,8608,2025-01-17 13:00:00,1075.11
1194,8614,2025-10-04 00:00:00,4777.19
1195,8625,2025-04-16 13:00:00,2287.8
1196,8629,2025-07-19 15:00:00,1314.13
1197,8637,2025-11-05 21:00:00,350.88
1198,8642,2025-10-18 02:00:00,3158.3
1199,8643,2025-04-20 05:00:00,935.51
1200,8649,2025-04-27 05:00:00,1155.27
1201,8652,2025-01-27 10:00:00,1748.53
1202,8654,2025-10-20 02:00:00,4913.63
1203,8657,2025-02-12 22:00:00,2875.66
1204,8678,2025-04-28 05:00:00,3134.55
1205,8697,2025-10-09 00:00:00,4449.74
1206,8701,2025-07-16 19:00:00,3174.41
1207,8702,2026-01-02 17:00:00,1320.86
1208,8705,2025-03-22 23:00:00,3551.98
1209,8706,2025-03-22 12:00:00,3885.77
1210,8709,2025-01-24 22:00:00,2119.47
1211,8711,2025-01-20 12:00:00,1485.99
1212,8717,2025-11-04 02:00:00,487.11
1213,8718,2025-06-04 16:00:00,1079.26
1214,8722,2025-12-03 12:00:00,3439.08
1215,8739,2025-04-12 17:00:00,793.82
1216,8747,2025-06-11 08:00:00,3191.14
1217,8753,2025-10-19 07:00:00,4103.9
1218,8754,2025-12-06 15:00:00,1540.86
1219,8765,2025-01-30 16:00:00,4589.89
1220,8778,2025-04-05 12:00:00,2307.73
1221,8786,2025-04-18 19:00:00,4773.91
1222,8791,2025-09-24 10:00:00,644.75
1223,8792,2025-11-04 13:00:00,1466.67
1224,8809,2025-05-19 12:00:00,3412.57
1225,8815,2025-07-22 17:00:00,3016.27
1226,8822,2025-12-29 08:00:00,4006.12
1227,8823,2025-11-21 04:00:00,243.52
1228,8824,2025-09-26 16:00:00,3444.95
1229,8828,2025-03-02 01:00:00,3399.24
1230,8852,2025-10-14 07:00:00,1856.69
1231,8854,2025-05-09 07:00:00,1154.03
1232,8859,2025-01-29 20:00:00,4364.48
1233,8864,2025-07-28 22:00:00,2855.41
1234,8888,2025-04-18 03:00:00,2528.47
1235,8890,2025-06-06 23:00:00,2441.48
1236,8891,2025-09-19 19:00:00,2100.27
1237,8903,2025-04-03 05:00:00,1852.55
1238,8905,2025-07-22 09:00:00,2086.05
1239,8907,2025-03-30 11:00:00,3748.79
1240,8916,2025-05-22 13:00:00,2967.74
1241,8936,2025-07-02 05:00:00,2803.55
1242,8939,2025-01-12 19:00:00,1587.99
1243,8941,2025-04-29 21:00:00,912.91
1244,8947,2025-09-22 02:00:00,406.98
1245,8948,2025-09-08 14:00:00,902.93
1246,8963,2025-08-08 13:00:00,1374.26
1247,8986,2025-03-26 04:00:00,685.33
1248,9006,2025-12-01 14:00:00,1280.48
1249,9014,2025-05-02 20:00:00,3001.7
1250,9017,2025-08-17 14:00:00,1184.38
1251,9027,2025-10-03 05:00:00,4547.23
1252,9029,2025-06-05 15:00:00,4947.67
1253,9032,2025-04-24 21:00:00,4907.37
1254,9037,2025-11-09 22:00:00,1311.46
1255,9045,2025-03-15 08:00:00,2773.06
1256,9052,2025-02-22 13:00:00,2529.27
1257,9056,2025-10-29 02:00:00,1985.52
1258,9071,2025-01-23 16:00:00,2048.49
1259,9076,2025-04-22 11:00:00,2639.8
1260,9079,2025-11-01 06:00:00,925.33
1261,9084,2025-04-08 00:00:00,2417.87
1262,9085,2025-12-14 20:00:00,4316.62
1263,9090,2025-08-27 16:00:00,3342.75
1264,9094,2025-08-22 14:00:00,3499.25
1265,9095,2025-07-04 22:00:00,818.41
1266,9096,2025-09-10 04:00:00,1329.48
1267,9108,2025-04-08 12:00:00,583.91
1268,9110,2025-05-17 21:00:00,2254.56
1269,9117,2025-10-09 01:00:00,2884.26
1270,9119,2025-01-10 03:00:00,3432.51
1271,9120,2025-10-07 14:00:00,1548.33
1272,9130,2025-10-18 01:00:00,418.47
1273,9157,2025-11-17 22:00:00,3984.9
1274,9163,2025-09-29 20:00:00,2768.71
1275,9164,2025-12-29 18:00:00,461.16
1276,9176,2025-10-08 03:00:00,426.02
1277,9180,2025-11-18 22:00:00,1822.99
1278,9181,2025-03-29 16:00:00,993.01
1279,9186,2025-09-02 20:00:00,4020.45
1280,9192,2025-05-22 12:00:00,2334.24
1281,9201,2025-01-26 19:00:00,3420.16
1282,9217,2025-08-16 06:00:00,3882.16
1283,9218,2025-05-23 16:00:00,3027.56
1284,9221,2025-08-21 20:00:00,4717.31
1285,9222,2025-12-11 02:00:00,272.89
1286,9224,2025-12-26 01:00:00,1707.49
1287,9238,2025-12-02 05:00:00,932.37
1288,9240,2025-07-21 02:00:00,1034.69
1289,9251,2025-07-23 04:00:00,4418.32
1290,9256,2025-11-25 21:00:00,4485.7
1291,9262,2025-10-05 00:00:00,2837.04
1292,9288,2025-10-20 23:00:00,2414.57
1293,9293,2025-06-09 09:00:00,2376.72
1294,9298,2025-01-09 21:00:00,3410.07
1295,9301,2025-05-06 19:00:00,3288.04
1296,9304,2025-06-21 13:00:00,3725.46
1297,9311,2025-02-20 15:00:00,4372.87
1298,9328,2025-02-20 08:00:00,277.75
1299,9329,2025-04-30 07:00:00,1571.73
1300,9330,2025-04-08 11:00:00,2497.41
1301,9339,2025-04-29 14:00:00,2040.78
1302,9340,2025-11-18 20:00:00,4957.03
1303,9345,2025-06-09 02:00:00,2295.4
1304,9363,2025-01-26 02:00:00,4803.83
1305,9365,2025-07-14 14:00:00,636.22
1306,9373,2025-04-01 17:00:00,2029.28
1307,9377,2025-12-16 22:00:00,2405.03
1308,9390,2025-07-25 02:00:00,1658.58
1309,9406,2025-05-16 03:00:00,4270.47
1310,9409,2025-09-17 22:00:00,1590.62
1311,9441,2025-05-19 11:00:00,2777.69
1312,9452,2025-03-27 21:00:00,2714.39
1313,9464,2025-10-12 15:00:00,899.53
1314,9466,2025-06-03 12:00:00,1580.79
1315,9477,2025-12-10 01:00:00,2998.62
1316,9480,2025-10-27 08:00:00,2942.32
1317,9481,2025-02-12 17:00:00,341.67
1318,9499,2025-04-05 23:00:00,2082.6
1319,9500,2025-01-25 17:00:00,4613.84
1320,9504,2025-05-12 04:00:00,3956.69
1321,9511,2025-04-24 00:00:00,3057.61
1322,9536,2025-06-11 19:00:00,4679.67
1323,9538,2025-10-20 15:00:00,366.43
1324,9544,2025-07-27 13:00:00,2059.59
1325,9548,2025-03-20 18:00:00,1948.8
1326,9551,2025-12-13 20:00:00,746.57
1327,9555,2025-03-07 09:00:00,1567.17
1328,9558,2025-02-06 21:00:00,215.14
1329,9562,2025-04-01 11:00:00,4145.88
1330,9565,2025-10-01 22:00:00,1127.92
1331,9572,2025-03-01 19:00:00,4480.76
1332,9575,2025-04-22 07:00:00,2822.83
1333,9585,2025-10-24 03:00:00,2688.38
1334,9588,2025-03-09 14:00:00,310.46
1335,9597,2025-02-22 18:00:00,3411.72
1336,9609,2025-12-07 17:00:00,4339.69
1337,9615,2025-10-07 12:00:00,3646.42
1338,9627,2025-08-26 21:00:00,3788.45
1339,9629,2025-09-27 07:00:00,4974.42
1340,9648,2025-10-30 04:00:00,4602.48
1341,9670,2025-09-27 06:00:00,2430.53
1342,9676,2025-10-11 23:00:00,1777.03
1343,9683,2025-04-18 20:00:00,4182.95
1344,9696,2025-05-30 03:00:00,4901.12
1345,9715,2025-11-27 12:00:00,3419.6
1346,9717,2025-07-19 19:00:00,1567.24
1347,9720,2026-01-02 22:00:00,3213.02
1348,9729,2025-04-17 23:00:00,532.89
1349,9746,2025-07-19 17:00:00,2862.25
1350,9751,2025-06-24 21:00:00,2376.73
1351,9755,2025-11-13 16:00:00,3892.83
1352,9757,2025-04-26 02:00:00,2536.98
1353,9762,2025-04-21 18:00:00,2775.8
1354,9767,2025-05-24 10:00:00,4913.77
1355,9773,2025-12-04 14:00:00,1772.16
1356,9774,2025-09-16 07:00:00,2348.84
1357,9792,2025-07-20 03:00:00,4246.08
1358,9810,2025-04-22 21:00:00,3756.17
1359,9817,2025-02-19 17:00:00,2467.23
1360,9821,2025-12-15 00:00:00,298.5
1361,9839,2025-10-09 21:00:00,3893.29
1362,9842,2025-03-25 15:00:00,507.23
1363,9847,2025-09-25 10:00:00,4578.15
1364,9883,2025-12-04 04:00:00,1491.32
1365,9885,2025-12-06 14:00:00,858.35
1366,9886,2025-09-13 12:00:00,493.84
1367,9888,2025-10-10 16:00:00,4706.73
1368,9904,2025-08-18 00:00:00,462.62
1369,9915,2025-10-12 20:00:00,2860.2
1370,9922,2025-02-25 14:00:00,1148.86
1371,9923,2025-03-07 09:00:00,4115.74
1372,9928,2025-07-04 03:00:00,942.96
1373,9933,2025-06-03 10:00:00,2159.81
1374,9937,2025-10-06 04:00:00,1530.21
1375,9945,2025-04-22 10:00:00,3362.76
1376,9946,2025-11-23 23:00:00,2357.53
1377,9949,2025-10-13 10:00:00,1981.89
1378,9976,2025-08-01 14:00:00,486.41
1379,9982,2025-05-28 14:00:00,311.73
1380,9984,2025-11-13 20:00:00,4234.83
1381,9989,2025-07-17 07:00:00,1688.61
1382,10000,2025-07-16 18:00:00,4690.08
